/*
 Navicat Premium Data Transfer

 Source Server         : localhost
 Source Server Type    : MySQL
 Source Server Version : 50726
 Source Host           : localhost:3306
 Source Schema         : albedo

 Target Server Type    : MySQL
 Target Server Version : 50726
 File Encoding         : 65001

 Date: 14/07/2019 05:28:00
*/

SET NAMES utf8mb4;
SET FOREIGN_KEY_CHECKS = 0;

-- ----------------------------
-- Table structure for gen_scheme
-- ----------------------------
DROP TABLE IF EXISTS `gen_scheme`;
CREATE TABLE `gen_scheme`  (
  `id` varchar(64) CHARACTER SET utf8 COLLATE utf8_general_ci NOT NULL COMMENT '编号',
  `name` varchar(200) CHARACTER SET utf8 COLLATE utf8_general_ci NULL DEFAULT NULL COMMENT '名称',
  `category` varchar(2000) CHARACTER SET utf8 COLLATE utf8_general_ci NULL DEFAULT NULL COMMENT '分类',
  `view_type` char(2) CHARACTER SET utf8 COLLATE utf8_general_ci NULL DEFAULT NULL COMMENT '视图类型 0  普通表格 1  表格采用ajax刷新',
  `package_name` varchar(500) CHARACTER SET utf8 COLLATE utf8_general_ci NULL DEFAULT NULL COMMENT '生成包路径',
  `module_name` varchar(30) CHARACTER SET utf8 COLLATE utf8_general_ci NULL DEFAULT NULL COMMENT '生成模块名',
  `sub_module_name` varchar(30) CHARACTER SET utf8 COLLATE utf8_general_ci NULL DEFAULT NULL COMMENT '生成子模块名',
  `function_name` varchar(500) CHARACTER SET utf8 COLLATE utf8_general_ci NULL DEFAULT NULL COMMENT '生成功能名',
  `function_name_simple` varchar(100) CHARACTER SET utf8 COLLATE utf8_general_ci NULL DEFAULT NULL COMMENT '生成功能名（简写）',
  `function_author` varchar(100) CHARACTER SET utf8 COLLATE utf8_general_ci NULL DEFAULT NULL COMMENT '生成功能作者',
  `gen_table_id` varchar(200) CHARACTER SET utf8 COLLATE utf8_general_ci NULL DEFAULT NULL COMMENT '生成表编号',
  `version` int(11) NULL DEFAULT 0 COMMENT '默认0，必填，离线乐观锁',
  `description` varchar(255) CHARACTER SET utf8 COLLATE utf8_general_ci NULL DEFAULT NULL COMMENT '描述',
  `created_by` varchar(50) CHARACTER SET utf8 COLLATE utf8_general_ci NOT NULL,
  `created_date` timestamp(0) NOT NULL DEFAULT CURRENT_TIMESTAMP(0) ON UPDATE CURRENT_TIMESTAMP(0),
  `last_modified_by` varchar(50) CHARACTER SET utf8 COLLATE utf8_general_ci NULL DEFAULT NULL,
  `last_modified_date` timestamp(0) NULL DEFAULT NULL,
  `del_flag` char(1) CHARACTER SET utf8mb4 COLLATE utf8mb4_bin NULL DEFAULT '0' COMMENT '0-正常，1-删除',
  PRIMARY KEY (`id`) USING BTREE
) ENGINE = InnoDB CHARACTER SET = utf8 COLLATE = utf8_general_ci COMMENT = '生成方案' ROW_FORMAT = Dynamic;

-- ----------------------------
-- Table structure for gen_table
-- ----------------------------
DROP TABLE IF EXISTS `gen_table`;
CREATE TABLE `gen_table`  (
  `id` varchar(64) CHARACTER SET utf8 COLLATE utf8_general_ci NOT NULL COMMENT '编号',
  `name` varchar(200) CHARACTER SET utf8 COLLATE utf8_general_ci NULL DEFAULT NULL COMMENT '名称',
  `comments` varchar(500) CHARACTER SET utf8 COLLATE utf8_general_ci NULL DEFAULT NULL COMMENT '描述',
  `class_name` varchar(100) CHARACTER SET utf8 COLLATE utf8_general_ci NULL DEFAULT NULL COMMENT '实体类名称',
  `parent_table` varchar(200) CHARACTER SET utf8 COLLATE utf8_general_ci NULL DEFAULT NULL COMMENT '关联父表',
  `parent_table_fk` varchar(100) CHARACTER SET utf8 COLLATE utf8_general_ci NULL DEFAULT NULL COMMENT '关联父表外键',
  `version` int(11) NULL DEFAULT 0 COMMENT '默认0，必填，离线乐观锁',
  `description` varchar(255) CHARACTER SET utf8 COLLATE utf8_general_ci NULL DEFAULT NULL COMMENT '描述',
  `created_by` varchar(50) CHARACTER SET utf8 COLLATE utf8_general_ci NOT NULL,
  `created_date` timestamp(0) NOT NULL DEFAULT CURRENT_TIMESTAMP(0) ON UPDATE CURRENT_TIMESTAMP(0),
  `last_modified_by` varchar(50) CHARACTER SET utf8 COLLATE utf8_general_ci NULL DEFAULT NULL,
  `last_modified_date` timestamp(0) NULL DEFAULT NULL,
  `del_flag` char(1) CHARACTER SET utf8mb4 COLLATE utf8mb4_bin NULL DEFAULT '0' COMMENT '0-正常，1-删除',
  PRIMARY KEY (`id`) USING BTREE,
  UNIQUE INDEX `id`(`id`) USING BTREE,
  INDEX `gen_table_name`(`name`) USING BTREE
) ENGINE = InnoDB CHARACTER SET = utf8 COLLATE = utf8_general_ci COMMENT = '业务表' ROW_FORMAT = Dynamic;

-- ----------------------------
-- Table structure for gen_table_column
-- ----------------------------
DROP TABLE IF EXISTS `gen_table_column`;
CREATE TABLE `gen_table_column`  (
  `id` varchar(64) CHARACTER SET utf8 COLLATE utf8_general_ci NOT NULL COMMENT '编号',
  `gen_table_id` varchar(64) CHARACTER SET utf8 COLLATE utf8_general_ci NULL DEFAULT NULL COMMENT '归属表编号',
  `name` varchar(200) CHARACTER SET utf8 COLLATE utf8_general_ci NULL DEFAULT NULL COMMENT '名称',
  `title` varchar(255) CHARACTER SET utf8 COLLATE utf8_general_ci NOT NULL COMMENT '标题',
  `comments` varchar(500) CHARACTER SET utf8 COLLATE utf8_general_ci NULL DEFAULT NULL COMMENT '描述备注',
  `jdbc_type` varchar(100) CHARACTER SET utf8 COLLATE utf8_general_ci NULL DEFAULT NULL COMMENT '列的数据类型的字节长度',
  `java_type` varchar(500) CHARACTER SET utf8 COLLATE utf8_general_ci NULL DEFAULT NULL COMMENT 'JAVA类型',
  `java_field` varchar(200) CHARACTER SET utf8 COLLATE utf8_general_ci NULL DEFAULT NULL COMMENT 'JAVA字段名',
  `is_pk` char(1) CHARACTER SET utf8 COLLATE utf8_general_ci NULL DEFAULT NULL COMMENT '是否主键',
  `is_unique` char(1) CHARACTER SET utf8 COLLATE utf8_general_ci NULL DEFAULT '0' COMMENT '是否唯一（1：是；0：否）',
  `is_null` char(1) CHARACTER SET utf8 COLLATE utf8_general_ci NULL DEFAULT NULL COMMENT '是否可为空',
  `is_insert` char(1) CHARACTER SET utf8 COLLATE utf8_general_ci NULL DEFAULT NULL COMMENT '是否为插入字段',
  `is_edit` char(1) CHARACTER SET utf8 COLLATE utf8_general_ci NULL DEFAULT NULL COMMENT '是否编辑字段',
  `is_list` char(1) CHARACTER SET utf8 COLLATE utf8_general_ci NULL DEFAULT NULL COMMENT '是否列表字段',
  `is_query` char(1) CHARACTER SET utf8 COLLATE utf8_general_ci NULL DEFAULT NULL COMMENT '是否查询字段',
  `query_type` varchar(200) CHARACTER SET utf8 COLLATE utf8_general_ci NULL DEFAULT NULL COMMENT '查询方式（等于、不等于、大于、小于、范围、左LIKE、右LIKE、左右LIKE）',
  `show_type` varchar(200) CHARACTER SET utf8 COLLATE utf8_general_ci NULL DEFAULT NULL COMMENT '字段生成方案（文本框、文本域、下拉框、复选框、单选框、字典选择、人员选择、部门选择、区域选择）',
  `dict_type` varchar(200) CHARACTER SET utf8 COLLATE utf8_general_ci NULL DEFAULT NULL COMMENT '字典类型',
  `settings` varchar(2000) CHARACTER SET utf8 COLLATE utf8_general_ci NULL DEFAULT NULL COMMENT '其它设置（扩展字段JSON）',
  `sort_` decimal(10, 0) NULL DEFAULT NULL COMMENT '排序（升序）',
  `version` int(11) NULL DEFAULT 0 COMMENT '默认0，必填，离线乐观锁',
  `description` varchar(255) CHARACTER SET utf8 COLLATE utf8_general_ci NULL DEFAULT NULL COMMENT '描述',
  `created_by` varchar(50) CHARACTER SET utf8 COLLATE utf8_general_ci NOT NULL,
  `created_date` timestamp(0) NOT NULL DEFAULT CURRENT_TIMESTAMP(0) ON UPDATE CURRENT_TIMESTAMP(0),
  `last_modified_by` varchar(50) CHARACTER SET utf8 COLLATE utf8_general_ci NULL DEFAULT NULL,
  `last_modified_date` timestamp(0) NULL DEFAULT NULL,
  `del_flag` char(1) CHARACTER SET utf8mb4 COLLATE utf8mb4_bin NULL DEFAULT '0' COMMENT '0-正常，1-删除',
  PRIMARY KEY (`id`) USING BTREE,
  INDEX `gen_table_column_table_id`(`gen_table_id`) USING BTREE,
  INDEX `gen_table_column_name`(`name`) USING BTREE,
  INDEX `gen_table_column_sort`(`sort_`) USING BTREE
) ENGINE = InnoDB CHARACTER SET = utf8 COLLATE = utf8_general_ci COMMENT = '业务表字段' ROW_FORMAT = Dynamic;

-- ----------------------------
-- Table structure for gen_table_fk
-- ----------------------------
DROP TABLE IF EXISTS `gen_table_fk`;
CREATE TABLE `gen_table_fk`  (
  `id` varchar(64) CHARACTER SET utf8 COLLATE utf8_general_ci NOT NULL COMMENT '编号',
  `gen_table_id` varchar(64) CHARACTER SET utf8 COLLATE utf8_general_ci NULL DEFAULT NULL COMMENT '归属表编号',
  `name` varchar(200) CHARACTER SET utf8 COLLATE utf8_general_ci NULL DEFAULT NULL COMMENT '名称',
  `comments` varchar(500) CHARACTER SET utf8 COLLATE utf8_general_ci NULL DEFAULT NULL COMMENT '描述',
  `jdbc_type` varchar(100) CHARACTER SET utf8 COLLATE utf8_general_ci NULL DEFAULT NULL COMMENT '列的数据类型的字节长度',
  `java_type` varchar(500) CHARACTER SET utf8 COLLATE utf8_general_ci NULL DEFAULT NULL COMMENT 'JAVA类型',
  `java_field` varchar(200) CHARACTER SET utf8 COLLATE utf8_general_ci NULL DEFAULT NULL COMMENT 'JAVA字段名',
  `is_pk` char(1) CHARACTER SET utf8 COLLATE utf8_general_ci NULL DEFAULT NULL COMMENT '是否主键',
  `is_unique` char(1) CHARACTER SET utf8 COLLATE utf8_general_ci NULL DEFAULT '0' COMMENT '是否唯一（1：是；0：否）',
  `is_null` char(1) CHARACTER SET utf8 COLLATE utf8_general_ci NULL DEFAULT NULL COMMENT '是否可为空',
  `is_insert` char(1) CHARACTER SET utf8 COLLATE utf8_general_ci NULL DEFAULT NULL COMMENT '是否为插入字段',
  `is_edit` char(1) CHARACTER SET utf8 COLLATE utf8_general_ci NULL DEFAULT NULL COMMENT '是否编辑字段',
  `is_list` char(1) CHARACTER SET utf8 COLLATE utf8_general_ci NULL DEFAULT NULL COMMENT '是否列表字段',
  `is_query` char(1) CHARACTER SET utf8 COLLATE utf8_general_ci NULL DEFAULT NULL COMMENT '是否查询字段',
  `query_type` varchar(200) CHARACTER SET utf8 COLLATE utf8_general_ci NULL DEFAULT NULL COMMENT '查询方式（等于、不等于、大于、小于、范围、左LIKE、右LIKE、左右LIKE）',
  `show_type` varchar(200) CHARACTER SET utf8 COLLATE utf8_general_ci NULL DEFAULT NULL COMMENT '字段生成方案（文本框、文本域、下拉框、复选框、单选框、字典选择、人员选择、部门选择、区域选择）',
  `dict_type` varchar(200) CHARACTER SET utf8 COLLATE utf8_general_ci NULL DEFAULT NULL COMMENT '字典类型',
  `settings` varchar(2000) CHARACTER SET utf8 COLLATE utf8_general_ci NULL DEFAULT NULL COMMENT '其它设置（扩展字段JSON）',
  `sort` decimal(10, 0) NULL DEFAULT NULL COMMENT '排序（升序）',
  `version` int(11) NULL DEFAULT 0 COMMENT '默认0，必填，离线乐观锁',
  `description` varchar(255) CHARACTER SET utf8 COLLATE utf8_general_ci NULL DEFAULT NULL COMMENT '描述',
  `created_by` varchar(50) CHARACTER SET utf8 COLLATE utf8_general_ci NOT NULL,
  `created_date` timestamp(0) NOT NULL DEFAULT CURRENT_TIMESTAMP(0) ON UPDATE CURRENT_TIMESTAMP(0),
  `last_modified_by` varchar(50) CHARACTER SET utf8 COLLATE utf8_general_ci NULL DEFAULT NULL,
  `last_modified_date` timestamp(0) NULL DEFAULT NULL,
  `del_flag` char(1) CHARACTER SET utf8mb4 COLLATE utf8mb4_bin NULL DEFAULT '0' COMMENT '0-正常，1-删除',
  PRIMARY KEY (`id`) USING BTREE,
  INDEX `gen_table_column_table_id`(`gen_table_id`) USING BTREE,
  INDEX `gen_table_column_name`(`name`) USING BTREE,
  INDEX `gen_table_column_sort`(`sort`) USING BTREE
) ENGINE = InnoDB CHARACTER SET = utf8 COLLATE = utf8_general_ci COMMENT = '业务表字段' ROW_FORMAT = Dynamic;

-- ----------------------------
-- Table structure for sys_dept
-- ----------------------------
DROP TABLE IF EXISTS `sys_dept`;
CREATE TABLE `sys_dept`  (
  `id` varchar(32) CHARACTER SET utf8 COLLATE utf8_general_ci NOT NULL,
  `parent_id` varchar(32) CHARACTER SET utf8 COLLATE utf8_general_ci NULL DEFAULT NULL,
  `parent_ids` varchar(2000) CHARACTER SET utf8 COLLATE utf8_general_ci NULL DEFAULT NULL COMMENT '父菜单IDs',
  `name` varchar(50) CHARACTER SET utf8 COLLATE utf8_general_ci NULL DEFAULT NULL COMMENT '部门名称',
  `sort` int(11) NULL DEFAULT NULL COMMENT '排序',
  `leaf` bit(1) NULL DEFAULT b'0' COMMENT '1 叶子节点 0 非叶子节点',
  `created_by` varchar(50) CHARACTER SET utf8 COLLATE utf8_general_ci NOT NULL,
  `created_date` timestamp(0) NULL DEFAULT CURRENT_TIMESTAMP(0) COMMENT '创建时间',
  `last_modified_by` varchar(50) CHARACTER SET utf8 COLLATE utf8_general_ci NULL DEFAULT NULL,
  `last_modified_date` timestamp(0) NULL DEFAULT NULL ON UPDATE CURRENT_TIMESTAMP(0) COMMENT '修改时间',
  `version` int(11) NOT NULL,
  `description` varchar(100) CHARACTER SET utf8 COLLATE utf8_general_ci NOT NULL COMMENT '描述',
  `del_flag` char(1) CHARACTER SET utf8mb4 COLLATE utf8mb4_bin NULL DEFAULT '0' COMMENT '0-正常，1-删除',
  PRIMARY KEY (`id`) USING BTREE
) ENGINE = InnoDB CHARACTER SET = utf8 COLLATE = utf8_general_ci COMMENT = '部门管理' ROW_FORMAT = Dynamic;

-- ----------------------------
-- Records of sys_dept
-- ----------------------------
INSERT INTO `sys_dept` VALUES ('1', '-1', NULL, '山东农信', NULL, b'0', '', '2018-01-22 19:00:23', NULL, '2019-07-04 16:57:18', 0, '', '0');
INSERT INTO `sys_dept` VALUES ('10', '8', NULL, '院校沙县', NULL, b'0', '', '2018-12-10 21:19:26', NULL, '2019-06-15 10:56:41', 0, '', '0');
INSERT INTO `sys_dept` VALUES ('2', '-1', NULL, '沙县国际', NULL, b'0', '', '2018-01-22 19:00:38', NULL, '2019-07-04 16:57:22', 0, '', '0');
INSERT INTO `sys_dept` VALUES ('3', '1', NULL, '潍坊农信', NULL, b'0', '', '2018-01-22 19:00:44', NULL, '2019-06-15 10:56:41', 0, '', '0');
INSERT INTO `sys_dept` VALUES ('4', '3', NULL, '高新农信', NULL, b'0', '', '2018-01-22 19:00:52', NULL, '2019-06-15 10:56:41', 0, '', '0');
INSERT INTO `sys_dept` VALUES ('5', '4', NULL, '院校农信', NULL, b'0', '', '2018-01-22 19:00:57', NULL, '2019-06-15 10:56:41', 0, '', '0');
INSERT INTO `sys_dept` VALUES ('6', '5', NULL, '潍院农信', NULL, b'0', '', '2018-01-22 19:01:06', NULL, '2019-01-09 10:58:18', 0, '', '0');
INSERT INTO `sys_dept` VALUES ('7', '2', NULL, '山东沙县', NULL, b'0', '', '2018-01-22 19:01:57', NULL, '2019-06-15 10:56:41', 0, '', '0');
INSERT INTO `sys_dept` VALUES ('8', '7', NULL, '潍坊沙县', NULL, b'0', '', '2018-01-22 19:02:03', NULL, '2019-06-15 10:56:41', 0, '', '0');
INSERT INTO `sys_dept` VALUES ('9', '8', NULL, '高新沙县', NULL, b'0', '', '2018-01-22 19:02:14', NULL, '2018-09-13 01:46:44', 0, '', '0');

-- ----------------------------
-- Table structure for sys_dept_relation
-- ----------------------------
DROP TABLE IF EXISTS `sys_dept_relation`;
CREATE TABLE `sys_dept_relation`  (
  `ancestor` varchar(32) CHARACTER SET latin1 COLLATE latin1_swedish_ci NOT NULL COMMENT '祖先节点',
  `descendant` varchar(32) CHARACTER SET latin1 COLLATE latin1_swedish_ci NOT NULL COMMENT '后代节点',
  PRIMARY KEY (`ancestor`, `descendant`) USING BTREE,
  INDEX `idx1`(`ancestor`) USING BTREE,
  INDEX `idx2`(`descendant`) USING BTREE
) ENGINE = InnoDB CHARACTER SET = latin1 COLLATE = latin1_swedish_ci COMMENT = '部门关系表' ROW_FORMAT = Dynamic;

-- ----------------------------
-- Records of sys_dept_relation
-- ----------------------------
INSERT INTO `sys_dept_relation` VALUES ('1', '1');
INSERT INTO `sys_dept_relation` VALUES ('1', '3');
INSERT INTO `sys_dept_relation` VALUES ('1', '4');
INSERT INTO `sys_dept_relation` VALUES ('1', '5');
INSERT INTO `sys_dept_relation` VALUES ('10', '10');
INSERT INTO `sys_dept_relation` VALUES ('11', '11');
INSERT INTO `sys_dept_relation` VALUES ('2', '11');
INSERT INTO `sys_dept_relation` VALUES ('2', '2');
INSERT INTO `sys_dept_relation` VALUES ('2', '7');
INSERT INTO `sys_dept_relation` VALUES ('2', '8');
INSERT INTO `sys_dept_relation` VALUES ('3', '3');
INSERT INTO `sys_dept_relation` VALUES ('3', '4');
INSERT INTO `sys_dept_relation` VALUES ('3', '5');
INSERT INTO `sys_dept_relation` VALUES ('4', '4');
INSERT INTO `sys_dept_relation` VALUES ('4', '5');
INSERT INTO `sys_dept_relation` VALUES ('5', '5');
INSERT INTO `sys_dept_relation` VALUES ('7', '11');
INSERT INTO `sys_dept_relation` VALUES ('7', '7');
INSERT INTO `sys_dept_relation` VALUES ('7', '8');
INSERT INTO `sys_dept_relation` VALUES ('8', '11');
INSERT INTO `sys_dept_relation` VALUES ('8', '8');

-- ----------------------------
-- Table structure for sys_dict
-- ----------------------------
DROP TABLE IF EXISTS `sys_dict`;
CREATE TABLE `sys_dict`  (
  `id` varchar(32) CHARACTER SET utf8 COLLATE utf8_general_ci NOT NULL COMMENT '编号',
  `name` varchar(100) CHARACTER SET utf8 COLLATE utf8_general_ci NOT NULL COMMENT '标签名',
  `val` varchar(100) CHARACTER SET utf8 COLLATE utf8_general_ci NULL DEFAULT NULL COMMENT '数据值',
  `code` varchar(100) CHARACTER SET utf8 COLLATE utf8_general_ci NOT NULL COMMENT '类型',
  `parent_id` varchar(32) CHARACTER SET utf8 COLLATE utf8_general_ci NULL DEFAULT NULL COMMENT '父菜单ID',
  `parent_ids` varchar(2000) CHARACTER SET utf8 COLLATE utf8_general_ci NULL DEFAULT NULL COMMENT '父菜单IDs',
  `sort` int(10) NOT NULL COMMENT '排序（升序）',
  `show` bit(1) NULL DEFAULT NULL COMMENT '是否显示1 是0否',
  `leaf` bit(1) NULL DEFAULT b'0' COMMENT '1 叶子节点 0 非叶子节点',
  `remark` varchar(255) CHARACTER SET utf8 COLLATE utf8_general_ci NULL DEFAULT NULL COMMENT '备注信息',
  `created_by` varchar(50) CHARACTER SET utf8 COLLATE utf8_general_ci NOT NULL,
  `created_date` timestamp(0) NOT NULL DEFAULT CURRENT_TIMESTAMP(0) COMMENT '创建时间',
  `last_modified_by` varchar(50) CHARACTER SET utf8 COLLATE utf8_general_ci NULL DEFAULT NULL,
  `last_modified_date` timestamp(0) NOT NULL DEFAULT CURRENT_TIMESTAMP(0) ON UPDATE CURRENT_TIMESTAMP(0) COMMENT '更新时间',
  `version` int(11) NOT NULL DEFAULT 0,
  `description` varchar(100) CHARACTER SET utf8 COLLATE utf8_general_ci NULL DEFAULT NULL COMMENT '描述',
  `del_flag` char(1) CHARACTER SET utf8mb4 COLLATE utf8mb4_bin NULL DEFAULT '0' COMMENT '0-正常，1-删除',
  PRIMARY KEY (`id`) USING BTREE,
  INDEX `sys_dict_value`(`val`) USING BTREE,
  INDEX `sys_dict_label`(`name`) USING BTREE
) ENGINE = InnoDB CHARACTER SET = utf8 COLLATE = utf8_general_ci COMMENT = '字典表' ROW_FORMAT = Dynamic;

-- ----------------------------
-- Records of sys_dict
-- ----------------------------
INSERT INTO `sys_dict` VALUES ('1', '数据字典', '', 'base', '-1', NULL, 1, b'1', b'0', '', '1', '2018-07-09 06:16:14', '1', '2019-07-14 05:06:23', 7, '', '0');
INSERT INTO `sys_dict` VALUES ('2', '是否标识', 'sys_flag', 'sys_flag', 'cfd5f62f601817a3b0f38f5ccb1f5128', '1,cfd5f62f601817a3b0f38f5ccb1f5128,', 0, b'1', b'0', NULL, '1', '2019-06-02 17:17:44', '1', '2019-07-14 05:07:35', 10, NULL, '0');
INSERT INTO `sys_dict` VALUES ('269ebbfff898cf1db0d243e3f7774d2c', '业务数据', 'biz', 'biz', '1', '1,', 30, b'1', b'1', NULL, '1', '2019-07-14 04:01:51', '1', '2019-07-14 05:06:23', 1, NULL, '0');
INSERT INTO `sys_dict` VALUES ('3', '是', '1', 'sys_flag_yes', '2', '1,cfd5f62f601817a3b0f38f5ccb1f5128,2,', 10, b'1', b'1', '', '1', '2018-07-09 06:15:40', '1', '2019-07-14 05:07:29', 1, '', '0');
INSERT INTO `sys_dict` VALUES ('4', '否', '0', 'sys_flag_no', '2', '1,cfd5f62f601817a3b0f38f5ccb1f5128,2,', 5, b'1', b'1', NULL, '1', '2019-06-02 17:26:40', '1', '2019-07-14 05:07:35', 1, NULL, '0');
INSERT INTO `sys_dict` VALUES ('8c4589d0a32c9b84b6254507354a195b', 'test', 'test', 'test', '-1', NULL, 30, b'1', b'1', NULL, '1', '2019-07-14 03:59:38', '1', '2019-07-14 04:00:28', 0, NULL, '1');
INSERT INTO `sys_dict` VALUES ('cfd5f62f601817a3b0f38f5ccb1f5128', '系统数据', 'sys', 'sys', '1', '1,', 30, b'1', b'0', NULL, '1', '2019-07-14 01:13:12', '1', '2019-07-14 03:40:01', 4, NULL, '0');

-- ----------------------------
-- Table structure for sys_log
-- ----------------------------
DROP TABLE IF EXISTS `sys_log`;
CREATE TABLE `sys_log`  (
  `id` bigint(64) NOT NULL AUTO_INCREMENT COMMENT '编号',
  `type` char(1) CHARACTER SET utf8 COLLATE utf8_general_ci NULL DEFAULT '1' COMMENT '日志类型',
  `title` varchar(255) CHARACTER SET utf8 COLLATE utf8_general_ci NULL DEFAULT '' COMMENT '日志标题',
  `service_id` varchar(32) CHARACTER SET utf8 COLLATE utf8_general_ci NULL DEFAULT NULL COMMENT '服务ID',
  `remote_addr` varchar(255) CHARACTER SET utf8 COLLATE utf8_general_ci NULL DEFAULT NULL COMMENT '操作IP地址',
  `user_agent` varchar(1000) CHARACTER SET utf8 COLLATE utf8_general_ci NULL DEFAULT NULL COMMENT '用户代理',
  `request_uri` varchar(255) CHARACTER SET utf8 COLLATE utf8_general_ci NULL DEFAULT NULL COMMENT '请求URI',
  `method` varchar(10) CHARACTER SET utf8 COLLATE utf8_general_ci NULL DEFAULT NULL COMMENT '操作方式',
  `params` text CHARACTER SET utf8 COLLATE utf8_general_ci NULL COMMENT '操作提交的数据',
  `time` mediumtext CHARACTER SET utf8 COLLATE utf8_general_ci NULL COMMENT '执行时间',
  `exception` text CHARACTER SET utf8 COLLATE utf8_general_ci NULL COMMENT '异常信息',
  `created_by` varchar(64) CHARACTER SET utf8 COLLATE utf8_general_ci NULL DEFAULT NULL COMMENT '创建者',
  `created_date` datetime(0) NULL DEFAULT CURRENT_TIMESTAMP(0) COMMENT '创建时间',
  `last_modified_by` varchar(50) CHARACTER SET utf8 COLLATE utf8_general_ci NULL DEFAULT NULL,
  `last_modified_date` datetime(0) NULL DEFAULT NULL ON UPDATE CURRENT_TIMESTAMP(0) COMMENT '更新时间',
  `version` int(11) NOT NULL,
  `description` varchar(100) CHARACTER SET utf8 COLLATE utf8_general_ci NULL DEFAULT NULL COMMENT '描述',
  `del_flag` char(1) CHARACTER SET utf8mb4 COLLATE utf8mb4_bin NULL DEFAULT '0' COMMENT '0-正常，1-删除',
  PRIMARY KEY (`id`) USING BTREE,
  INDEX `sys_log_create_by`(`created_by`) USING BTREE,
  INDEX `sys_log_request_uri`(`request_uri`) USING BTREE,
  INDEX `sys_log_type`(`type`) USING BTREE,
  INDEX `sys_log_create_date`(`created_date`) USING BTREE
) ENGINE = InnoDB AUTO_INCREMENT = 57 CHARACTER SET = utf8 COLLATE = utf8_general_ci COMMENT = '日志表' ROW_FORMAT = Dynamic;

-- ----------------------------
-- Records of sys_log
-- ----------------------------
INSERT INTO `sys_log` VALUES (51, '0', '添加角色', 'test', '0:0:0:0:0:0:0:1', 'PostmanRuntime/7.6.0', '/role', 'POST', 'Authorization=%5B%5D', '65', NULL, 'admin', '2019-01-24 20:56:43', NULL, '2019-06-15 10:56:41', 0, '', '0');
INSERT INTO `sys_log` VALUES (52, '0', '更新菜单', 'pig', '127.0.0.1', 'Mozilla/5.0 (Macintosh; Intel Mac OS X 10_14_1) AppleWebKit/537.36 (KHTML, like Gecko) Chrome/73.0.3683.103 Safari/537.36', '/menu', 'PUT', '', '40', NULL, 'admin', '2019-04-27 14:55:07', NULL, '2019-06-15 10:56:41', 0, '', '0');
INSERT INTO `sys_log` VALUES (53, '0', '更新菜单', 'pig', '127.0.0.1', 'Mozilla/5.0 (Macintosh; Intel Mac OS X 10_14_1) AppleWebKit/537.36 (KHTML, like Gecko) Chrome/73.0.3683.103 Safari/537.36', '/menu', 'PUT', '', '31', NULL, 'admin', '2019-04-27 14:55:19', NULL, '2019-06-15 10:56:41', 0, '', '0');
INSERT INTO `sys_log` VALUES (54, '0', '删除菜单', 'pig', '127.0.0.1', 'Mozilla/5.0 (Macintosh; Intel Mac OS X 10_14_1) AppleWebKit/537.36 (KHTML, like Gecko) Chrome/74.0.3729.108 Safari/537.36', '/menu/9999', 'DELETE', '', '195', NULL, 'admin', '2019-04-27 15:45:30', NULL, '2019-06-15 10:56:41', 0, '', '0');
INSERT INTO `sys_log` VALUES (55, '0', '锁定/解锁用户', 'albedo', '127.0.0.1', 'Mozilla/5.0 (Windows NT 10.0; Win64; x64) AppleWebKit/537.36 (KHTML, like Gecko) Chrome/73.0.3683.86 Safari/537.36', '/sys/user/90da0206c39867a1b36ac36ced80c1a9', 'PUT', '', '10', NULL, 'system', '2019-07-07 22:16:43', 'system', '2019-07-07 22:16:43', 0, NULL, '0');
INSERT INTO `sys_log` VALUES (56, '0', '锁定/解锁用户', 'albedo', '127.0.0.1', 'Mozilla/5.0 (Windows NT 10.0; Win64; x64) AppleWebKit/537.36 (KHTML, like Gecko) Chrome/73.0.3683.86 Safari/537.36', '/sys/user/90da0206c39867a1b36ac36ced80c1a9', 'PUT', '', '63818', NULL, 'system', '2019-07-07 22:19:27', 'system', '2019-07-07 22:19:27', 0, NULL, '0');

-- ----------------------------
-- Table structure for sys_menu
-- ----------------------------
DROP TABLE IF EXISTS `sys_menu`;
CREATE TABLE `sys_menu`  (
  `id` varchar(32) CHARACTER SET utf8 COLLATE utf8_general_ci NOT NULL COMMENT '菜单ID',
  `name` varchar(32) CHARACTER SET utf8 COLLATE utf8_general_ci NOT NULL COMMENT '菜单名称',
  `permission` varchar(32) CHARACTER SET utf8 COLLATE utf8_general_ci NULL DEFAULT NULL COMMENT '菜单权限标识',
  `path` varchar(128) CHARACTER SET utf8 COLLATE utf8_general_ci NULL DEFAULT NULL COMMENT '前端URL',
  `parent_id` varchar(32) CHARACTER SET utf8 COLLATE utf8_general_ci NULL DEFAULT NULL COMMENT '父菜单ID',
  `parent_ids` varchar(2000) CHARACTER SET utf8 COLLATE utf8_general_ci NULL DEFAULT NULL COMMENT '父菜单IDs',
  `icon` varchar(32) CHARACTER SET utf8 COLLATE utf8_general_ci NULL DEFAULT NULL COMMENT '图标',
  `component` varchar(64) CHARACTER SET utf8 COLLATE utf8_general_ci NULL DEFAULT NULL COMMENT 'VUE页面',
  `keep_alive` char(1) CHARACTER SET utf8 COLLATE utf8_general_ci NULL DEFAULT '0' COMMENT '是否显示1 是0否',
  `show` char(1) CHARACTER SET utf8 COLLATE utf8_general_ci NULL DEFAULT '0' COMMENT '是否显示1 是0否',
  `type` char(1) CHARACTER SET utf8 COLLATE utf8_general_ci NULL DEFAULT NULL COMMENT '菜单类型 （0菜单 1按钮）',
  `leaf` bit(1) NULL DEFAULT b'0' COMMENT '1 叶子节点 0 非叶子节点',
  `sort` int(11) NULL DEFAULT 1 COMMENT '排序值',
  `created_by` varchar(50) CHARACTER SET utf8 COLLATE utf8_general_ci NOT NULL,
  `created_date` timestamp(0) NULL DEFAULT CURRENT_TIMESTAMP(0) COMMENT '创建时间',
  `last_modified_by` varchar(50) CHARACTER SET utf8 COLLATE utf8_general_ci NULL DEFAULT NULL,
  `last_modified_date` timestamp(0) NULL DEFAULT NULL ON UPDATE CURRENT_TIMESTAMP(0) COMMENT '更新时间',
  `description` varchar(255) CHARACTER SET utf8 COLLATE utf8_general_ci NULL DEFAULT NULL COMMENT '描述',
  `version` int(11) NOT NULL,
  `del_flag` char(1) CHARACTER SET utf8mb4 COLLATE utf8mb4_bin NULL DEFAULT '0' COMMENT '0-正常，1-删除',
  PRIMARY KEY (`id`) USING BTREE
) ENGINE = InnoDB CHARACTER SET = utf8 COLLATE = utf8_general_ci COMMENT = '菜单权限表' ROW_FORMAT = Dynamic;

-- ----------------------------
-- Records of sys_menu
-- ----------------------------
INSERT INTO `sys_menu` VALUES ('1000', '权限管理', NULL, '/upms', '-1', NULL, 'icon-quanxianguanli', 'Layout', '0', '0', '0', b'0', 0, '', '2018-09-28 08:29:53', NULL, '2019-06-15 10:56:41', NULL, 0, '0');
INSERT INTO `sys_menu` VALUES ('1100', '用户管理', NULL, 'user', '1000', NULL, 'icon-yonghuguanli', 'views/admin/user/index', '0', '0', '0', b'0', 1, '', '2017-11-02 22:24:37', NULL, '2019-06-15 10:56:41', NULL, 0, '0');
INSERT INTO `sys_menu` VALUES ('1101', '用户编辑', 'sys_user_edit', NULL, '1100', NULL, NULL, NULL, '0', '0', '1', b'0', NULL, '', '2017-11-08 09:52:09', NULL, '2019-07-06 16:18:07', NULL, 0, '0');
INSERT INTO `sys_menu` VALUES ('1102', '用户锁定', 'sys_user_lock', NULL, '1100', NULL, NULL, NULL, '0', '0', '1', b'0', NULL, '', '2017-11-08 09:52:48', NULL, '2019-07-06 16:18:26', NULL, 0, '0');
INSERT INTO `sys_menu` VALUES ('1103', '用户删除', 'sys_user_del', NULL, '1100', NULL, NULL, NULL, '0', '0', '1', b'0', NULL, '', '2017-11-08 09:54:01', NULL, '2019-06-15 10:56:41', NULL, 0, '0');
INSERT INTO `sys_menu` VALUES ('1200', '菜单管理', NULL, 'menu', '1000', NULL, 'icon-caidanguanli', 'views/admin/menu/index', '0', '0', '0', b'0', 2, '', '2017-11-08 09:57:27', NULL, '2019-06-15 10:56:41', NULL, 0, '0');
INSERT INTO `sys_menu` VALUES ('1201', '菜单编辑', 'sys_menu_edit', NULL, '1200', NULL, NULL, NULL, '0', '0', '1', b'0', NULL, '', '2017-11-08 10:15:53', NULL, '2019-07-06 16:20:21', NULL, 0, '0');
INSERT INTO `sys_menu` VALUES ('1202', '菜单锁定', 'sys_menu_lock', NULL, '1200', NULL, NULL, NULL, '0', '0', '1', b'0', NULL, '', '2017-11-08 10:16:23', NULL, '2019-07-06 16:18:47', NULL, 0, '0');
INSERT INTO `sys_menu` VALUES ('1203', '菜单删除', 'sys_menu_del', NULL, '1200', NULL, NULL, NULL, '0', '0', '1', b'0', NULL, '', '2017-11-08 10:16:43', NULL, '2019-06-15 10:56:41', NULL, 0, '0');
INSERT INTO `sys_menu` VALUES ('1300', '角色管理', NULL, 'role', '1000', NULL, 'icon-jiaoseguanli', 'views/admin/role/index', '0', '0', '0', b'0', 3, '', '2017-11-08 10:13:37', NULL, '2019-06-15 10:56:41', NULL, 0, '0');
INSERT INTO `sys_menu` VALUES ('1301', '角色编辑', 'sys_role_edit', NULL, '1300', NULL, NULL, NULL, '0', '0', '1', b'0', NULL, '', '2017-11-08 10:14:18', NULL, '2019-07-06 16:20:18', NULL, 0, '0');
INSERT INTO `sys_menu` VALUES ('1302', '角色锁定', 'sys_role_lock', NULL, '1300', NULL, NULL, NULL, '0', '0', '1', b'0', NULL, '', '2017-11-08 10:14:41', NULL, '2019-07-06 16:19:55', NULL, 0, '0');
INSERT INTO `sys_menu` VALUES ('1303', '角色删除', 'sys_role_del', NULL, '1300', NULL, NULL, NULL, '0', '0', '1', b'0', NULL, '', '2017-11-08 10:14:59', NULL, '2019-06-15 10:56:41', NULL, 0, '0');
INSERT INTO `sys_menu` VALUES ('1304', '分配权限', 'sys_role_perm', NULL, '1300', NULL, NULL, NULL, '0', '0', '1', b'0', NULL, '', '2018-04-20 07:22:55', NULL, '2019-06-15 10:56:41', NULL, 0, '0');
INSERT INTO `sys_menu` VALUES ('1400', '部门管理', NULL, 'dept', '1000', NULL, 'icon-web-icon-', 'views/admin/dept/index', '0', '0', '0', b'0', 4, '', '2018-01-20 13:17:19', NULL, '2019-06-15 10:56:41', NULL, 0, '0');
INSERT INTO `sys_menu` VALUES ('1401', '部门编辑', 'sys_dept_edit', NULL, '1400', NULL, NULL, NULL, '0', '0', '1', b'0', NULL, '', '2018-01-20 14:56:16', NULL, '2019-07-06 16:20:15', NULL, 0, '0');
INSERT INTO `sys_menu` VALUES ('1402', '部门锁定', 'sys_dept_lock', NULL, '1400', NULL, NULL, NULL, '0', '0', '1', b'0', NULL, '', '2018-01-20 14:56:59', NULL, '2019-07-06 16:19:58', NULL, 0, '0');
INSERT INTO `sys_menu` VALUES ('1403', '部门删除', 'sys_dept_del', NULL, '1400', NULL, NULL, NULL, '0', '0', '1', b'0', NULL, '', '2018-01-20 14:57:28', NULL, '2019-06-15 10:56:41', NULL, 0, '0');
INSERT INTO `sys_menu` VALUES ('2000', '系统管理', NULL, '/admin', '-1', NULL, 'icon-xitongguanli', 'Layout', '0', '0', '0', b'0', 1, '', '2017-11-07 20:56:00', NULL, '2019-06-15 10:56:41', NULL, 0, '0');
INSERT INTO `sys_menu` VALUES ('2100', '日志管理', NULL, 'log', '2000', NULL, 'icon-rizhiguanli', 'views/admin/log/index', '0', '0', '0', b'0', 5, '', '2017-11-20 14:06:22', NULL, '2019-06-15 10:56:41', NULL, 0, '0');
INSERT INTO `sys_menu` VALUES ('2101', '日志删除', 'sys_log_del', NULL, '2100', NULL, NULL, NULL, '0', '0', '1', b'0', NULL, '', '2017-11-20 20:37:37', NULL, '2019-06-15 10:56:41', NULL, 0, '0');
INSERT INTO `sys_menu` VALUES ('2200', '字典管理', NULL, 'dict', '2000', NULL, 'icon-navicon-zdgl', 'views/admin/dict/index', '0', '0', '0', b'0', 6, '', '2017-11-29 11:30:52', NULL, '2019-06-15 10:56:41', NULL, 0, '0');
INSERT INTO `sys_menu` VALUES ('2201', '字典删除', 'sys_dict_del', NULL, '2200', NULL, NULL, NULL, '0', '0', '1', b'0', NULL, '', '2017-11-29 11:30:11', NULL, '2019-06-15 10:56:41', NULL, 0, '0');
INSERT INTO `sys_menu` VALUES ('2202', '字典编辑', 'sys_dict_edit', NULL, '2200', NULL, NULL, NULL, '0', '0', '1', b'0', NULL, '', '2018-05-11 22:34:55', NULL, '2019-07-06 16:20:10', NULL, 0, '0');
INSERT INTO `sys_menu` VALUES ('2203', '字典锁定', 'sys_dict_lock', NULL, '2200', NULL, NULL, NULL, '0', '0', '1', b'0', NULL, '', '2018-05-11 22:36:03', NULL, '2019-07-06 16:20:03', NULL, 0, '0');
INSERT INTO `sys_menu` VALUES ('2300', '代码生成', '', 'gen', '2000', NULL, 'icon-weibiaoti46', 'views/gen/index', '0', '0', '0', b'0', 8, '', '2018-01-20 13:17:19', NULL, '2019-06-15 10:56:41', NULL, 0, '0');
INSERT INTO `sys_menu` VALUES ('2400', '终端管理', '', 'client', '2000', NULL, 'icon-shouji', 'views/admin/client/index', '0', '0', '0', b'0', 9, '', '2018-01-20 13:17:19', NULL, '2019-06-15 10:56:41', NULL, 0, '0');
INSERT INTO `sys_menu` VALUES ('2401', '客户端新增', 'sys_client_add', NULL, '2400', NULL, '1', NULL, '0', '0', '1', b'0', NULL, '', '2018-05-15 21:35:18', NULL, '2019-06-15 10:56:41', NULL, 0, '0');
INSERT INTO `sys_menu` VALUES ('2402', '客户端修改', 'sys_client_edit', NULL, '2400', NULL, NULL, NULL, '0', '0', '1', b'0', NULL, '', '2018-05-15 21:37:06', NULL, '2019-06-15 10:56:41', NULL, 0, '0');
INSERT INTO `sys_menu` VALUES ('2403', '客户端删除', 'sys_client_del', NULL, '2400', NULL, NULL, NULL, '0', '0', '1', b'0', NULL, '', '2018-05-15 21:39:16', NULL, '2019-06-15 10:56:41', NULL, 0, '0');
INSERT INTO `sys_menu` VALUES ('2500', '服务监控', NULL, 'http://139.224.200.249:15001', '2000', NULL, 'icon-server', NULL, '0', '0', '0', b'0', 10, '', '2018-06-26 10:50:32', NULL, '2019-06-15 10:56:41', NULL, 0, '0');
INSERT INTO `sys_menu` VALUES ('2600', '令牌管理', NULL, 'token', '2000', NULL, 'icon-denglvlingpai', 'views/admin/token/index', '0', '0', '0', b'0', 11, '', '2018-09-04 05:58:41', NULL, '2019-06-15 10:56:41', NULL, 0, '0');
INSERT INTO `sys_menu` VALUES ('2601', '令牌删除', 'sys_token_del', NULL, '2600', NULL, NULL, NULL, '0', '0', '1', b'0', 1, '', '2018-09-04 05:59:50', NULL, '2019-06-15 10:56:41', NULL, 0, '0');
INSERT INTO `sys_menu` VALUES ('5000', '一级菜单', NULL, '/crud', '-1', NULL, 'icon-caidanguanli', '', '0', '0', '0', b'0', 4, '', '2018-08-28 01:50:22', NULL, '2019-06-15 10:56:41', NULL, 0, '0');
INSERT INTO `sys_menu` VALUES ('5001', '一级菜单', NULL, 'index', '5000', NULL, 'icon-caidanguanli', 'views/crud/index', '0', '0', '0', b'0', 1, '', '2018-08-28 01:50:48', NULL, '2018-11-21 17:48:19', NULL, 0, '0');
INSERT INTO `sys_menu` VALUES ('5002', '二级菜单', NULL, 'crud', '5001', NULL, 'icon-caidanguanli', 'views/crud/index', '0', '0', '0', b'0', 1, '', '2018-08-28 01:51:23', NULL, '2018-11-21 17:47:40', NULL, 0, '0');
INSERT INTO `sys_menu` VALUES ('5003', '二级菜单', NULL, '', '5000', NULL, 'icon-caidanguanli', '', '0', '0', '0', b'0', 1, '', '2018-11-21 17:49:18', NULL, '2019-06-15 10:56:41', NULL, 0, '0');
INSERT INTO `sys_menu` VALUES ('5004', '二级菜单', NULL, 'index', '5003', NULL, 'icon-caidanguanli', 'views/crud/index', '0', '0', '0', b'0', 1, '', '2018-11-21 17:53:51', NULL, '2018-12-20 14:26:53', NULL, 0, '0');
INSERT INTO `sys_menu` VALUES ('9999', '系统官网', NULL, 'https://pig4cloud.com/#/', '-1', NULL, 'icon-guanwangfangwen', NULL, '0', '0', '0', b'0', 9, '', '2019-01-17 17:05:19', NULL, '2019-04-27 15:45:29', NULL, 0, '0');

-- ----------------------------
-- Table structure for sys_oauth_client_details
-- ----------------------------
DROP TABLE IF EXISTS `sys_oauth_client_details`;
CREATE TABLE `sys_oauth_client_details`  (
  `client_id` varchar(32) CHARACTER SET utf8mb4 COLLATE utf8mb4_bin NOT NULL,
  `resource_ids` varchar(256) CHARACTER SET utf8mb4 COLLATE utf8mb4_bin NULL DEFAULT NULL,
  `client_secret` varchar(256) CHARACTER SET utf8mb4 COLLATE utf8mb4_bin NULL DEFAULT NULL,
  `scope` varchar(256) CHARACTER SET utf8mb4 COLLATE utf8mb4_bin NULL DEFAULT NULL,
  `authorized_grant_types` varchar(256) CHARACTER SET utf8mb4 COLLATE utf8mb4_bin NULL DEFAULT NULL,
  `web_server_redirect_uri` varchar(256) CHARACTER SET utf8mb4 COLLATE utf8mb4_bin NULL DEFAULT NULL,
  `authorities` varchar(256) CHARACTER SET utf8mb4 COLLATE utf8mb4_bin NULL DEFAULT NULL,
  `access_token_validity` int(11) NULL DEFAULT NULL,
  `refresh_token_validity` int(11) NULL DEFAULT NULL,
  `additional_information` varchar(4096) CHARACTER SET utf8mb4 COLLATE utf8mb4_bin NULL DEFAULT NULL,
  `autoapprove` varchar(256) CHARACTER SET utf8mb4 COLLATE utf8mb4_bin NULL DEFAULT NULL,
  PRIMARY KEY (`client_id`) USING BTREE
) ENGINE = InnoDB CHARACTER SET = utf8mb4 COLLATE = utf8mb4_bin COMMENT = '终端信息表' ROW_FORMAT = Dynamic;

-- ----------------------------
-- Records of sys_oauth_client_details
-- ----------------------------
INSERT INTO `sys_oauth_client_details` VALUES ('albedo', NULL, 'albedo', 'server', 'password,refresh_token,authorization_code,client_credentials', 'http://localhost:4040/sso1/login,http://localhost:4041/sso1/login', NULL, NULL, NULL, NULL, 'true');
INSERT INTO `sys_oauth_client_details` VALUES ('app', NULL, 'app', 'server', 'password,refresh_token', NULL, NULL, NULL, NULL, NULL, 'true');
INSERT INTO `sys_oauth_client_details` VALUES ('daemon', NULL, 'daemon', 'server', 'password,refresh_token', NULL, NULL, NULL, NULL, NULL, 'true');
INSERT INTO `sys_oauth_client_details` VALUES ('gen', NULL, 'gen', 'server', 'password,refresh_token', NULL, NULL, NULL, NULL, NULL, 'true');
INSERT INTO `sys_oauth_client_details` VALUES ('swagger', NULL, 'swagger', 'all', 'password,refresh_token', NULL, NULL, NULL, NULL, NULL, 'true');

-- ----------------------------
-- Table structure for sys_role
-- ----------------------------
DROP TABLE IF EXISTS `sys_role`;
CREATE TABLE `sys_role`  (
  `id` varchar(32) CHARACTER SET utf8mb4 COLLATE utf8mb4_bin NOT NULL,
  `name` varchar(64) CHARACTER SET utf8mb4 COLLATE utf8mb4_bin NOT NULL,
  `code` varchar(64) CHARACTER SET utf8mb4 COLLATE utf8mb4_bin NOT NULL,
  `remark` varchar(255) CHARACTER SET utf8mb4 COLLATE utf8mb4_bin NULL DEFAULT NULL,
  `data_scope` char(1) CHARACTER SET utf8mb4 COLLATE utf8mb4_bin NULL DEFAULT NULL COMMENT '数据权限 1全部 2所在机构及以下数据  3 所在机构数据  4仅本人数据 5 按明细设置',
  `lock_flag` char(1) CHARACTER SET utf8mb4 COLLATE utf8mb4_bin NULL DEFAULT '1' COMMENT '1-正常，0-锁定',
  `created_by` varchar(50) CHARACTER SET utf8 COLLATE utf8_general_ci NOT NULL,
  `created_date` timestamp(0) NOT NULL DEFAULT CURRENT_TIMESTAMP(0),
  `last_modified_by` varchar(50) CHARACTER SET utf8 COLLATE utf8_general_ci NULL DEFAULT NULL,
  `last_modified_date` timestamp(0) NULL DEFAULT NULL ON UPDATE CURRENT_TIMESTAMP(0),
  `description` varchar(255) CHARACTER SET utf8 COLLATE utf8_general_ci NULL DEFAULT NULL COMMENT '描述',
  `version` int(11) NOT NULL,
  `del_flag` char(1) CHARACTER SET utf8mb4 COLLATE utf8mb4_bin NULL DEFAULT '0' COMMENT '0-正常，1-删除',
  PRIMARY KEY (`id`) USING BTREE,
  UNIQUE INDEX `role_idx1_role_code`(`code`) USING BTREE
) ENGINE = InnoDB CHARACTER SET = utf8mb4 COLLATE = utf8mb4_bin COMMENT = '系统角色表' ROW_FORMAT = Dynamic;

-- ----------------------------
-- Records of sys_role
-- ----------------------------
INSERT INTO `sys_role` VALUES ('1', '管理员', 'ROLE_ADMIN', '管理员', NULL, '1', '', '2017-10-29 15:45:51', NULL, '2019-06-15 10:51:36', NULL, 0, '0');
INSERT INTO `sys_role` VALUES ('2', 'ROLE_CQQ', 'ROLE_CQQ', 'ROLE_CQQ', NULL, '1', '', '2018-11-11 19:42:26', NULL, '2019-06-15 10:51:37', NULL, 0, '0');

-- ----------------------------
-- Table structure for sys_role_dept
-- ----------------------------
DROP TABLE IF EXISTS `sys_role_dept`;
CREATE TABLE `sys_role_dept`  (
  `id` varchar(32) CHARACTER SET utf8 COLLATE utf8_general_ci NOT NULL,
  `role_id` varchar(32) CHARACTER SET utf8 COLLATE utf8_general_ci NULL DEFAULT NULL COMMENT '角色ID',
  `dept_id` varchar(32) CHARACTER SET utf8 COLLATE utf8_general_ci NULL DEFAULT NULL COMMENT '部门ID',
  PRIMARY KEY (`id`) USING BTREE
) ENGINE = InnoDB CHARACTER SET = utf8 COLLATE = utf8_general_ci COMMENT = '角色与部门对应关系' ROW_FORMAT = Dynamic;

-- ----------------------------
-- Records of sys_role_dept
-- ----------------------------
INSERT INTO `sys_role_dept` VALUES ('1', '1', '8');

-- ----------------------------
-- Table structure for sys_role_menu
-- ----------------------------
DROP TABLE IF EXISTS `sys_role_menu`;
CREATE TABLE `sys_role_menu`  (
  `role_id` varchar(32) CHARACTER SET utf8 COLLATE utf8_general_ci NOT NULL COMMENT '角色ID',
  `menu_id` varchar(32) CHARACTER SET utf8 COLLATE utf8_general_ci NOT NULL COMMENT '菜单ID',
  PRIMARY KEY (`role_id`, `menu_id`) USING BTREE
) ENGINE = InnoDB CHARACTER SET = utf8 COLLATE = utf8_general_ci COMMENT = '角色菜单表' ROW_FORMAT = Dynamic;

-- ----------------------------
-- Records of sys_role_menu
-- ----------------------------
INSERT INTO `sys_role_menu` VALUES ('1', '1000');
INSERT INTO `sys_role_menu` VALUES ('1', '1100');
INSERT INTO `sys_role_menu` VALUES ('1', '1101');
INSERT INTO `sys_role_menu` VALUES ('1', '1102');
INSERT INTO `sys_role_menu` VALUES ('1', '1103');
INSERT INTO `sys_role_menu` VALUES ('1', '1200');
INSERT INTO `sys_role_menu` VALUES ('1', '1201');
INSERT INTO `sys_role_menu` VALUES ('1', '1202');
INSERT INTO `sys_role_menu` VALUES ('1', '1203');
INSERT INTO `sys_role_menu` VALUES ('1', '1300');
INSERT INTO `sys_role_menu` VALUES ('1', '1301');
INSERT INTO `sys_role_menu` VALUES ('1', '1302');
INSERT INTO `sys_role_menu` VALUES ('1', '1303');
INSERT INTO `sys_role_menu` VALUES ('1', '1304');
INSERT INTO `sys_role_menu` VALUES ('1', '1400');
INSERT INTO `sys_role_menu` VALUES ('1', '1401');
INSERT INTO `sys_role_menu` VALUES ('1', '1402');
INSERT INTO `sys_role_menu` VALUES ('1', '1403');
INSERT INTO `sys_role_menu` VALUES ('1', '2000');
INSERT INTO `sys_role_menu` VALUES ('1', '2100');
INSERT INTO `sys_role_menu` VALUES ('1', '2101');
INSERT INTO `sys_role_menu` VALUES ('1', '2200');
INSERT INTO `sys_role_menu` VALUES ('1', '2201');
INSERT INTO `sys_role_menu` VALUES ('1', '2202');
INSERT INTO `sys_role_menu` VALUES ('1', '2203');
INSERT INTO `sys_role_menu` VALUES ('1', '2300');
INSERT INTO `sys_role_menu` VALUES ('1', '2400');
INSERT INTO `sys_role_menu` VALUES ('1', '2401');
INSERT INTO `sys_role_menu` VALUES ('1', '2402');
INSERT INTO `sys_role_menu` VALUES ('1', '2403');
INSERT INTO `sys_role_menu` VALUES ('1', '2500');
INSERT INTO `sys_role_menu` VALUES ('1', '2600');
INSERT INTO `sys_role_menu` VALUES ('1', '2601');
INSERT INTO `sys_role_menu` VALUES ('2', '1000');
INSERT INTO `sys_role_menu` VALUES ('2', '1100');
INSERT INTO `sys_role_menu` VALUES ('2', '1101');
INSERT INTO `sys_role_menu` VALUES ('2', '1102');
INSERT INTO `sys_role_menu` VALUES ('2', '1103');
INSERT INTO `sys_role_menu` VALUES ('2', '1200');
INSERT INTO `sys_role_menu` VALUES ('2', '1201');
INSERT INTO `sys_role_menu` VALUES ('2', '1202');
INSERT INTO `sys_role_menu` VALUES ('2', '1203');
INSERT INTO `sys_role_menu` VALUES ('2', '1300');
INSERT INTO `sys_role_menu` VALUES ('2', '1301');
INSERT INTO `sys_role_menu` VALUES ('2', '1302');
INSERT INTO `sys_role_menu` VALUES ('2', '1303');
INSERT INTO `sys_role_menu` VALUES ('2', '1304');
INSERT INTO `sys_role_menu` VALUES ('2', '1400');
INSERT INTO `sys_role_menu` VALUES ('2', '1401');
INSERT INTO `sys_role_menu` VALUES ('2', '1402');
INSERT INTO `sys_role_menu` VALUES ('2', '1403');

-- ----------------------------
-- Table structure for sys_user
-- ----------------------------
DROP TABLE IF EXISTS `sys_user`;
CREATE TABLE `sys_user`  (
  `id` varchar(32) CHARACTER SET utf8mb4 COLLATE utf8mb4_bin NOT NULL DEFAULT '1' COMMENT '主键ID',
  `username` varchar(64) CHARACTER SET utf8mb4 COLLATE utf8mb4_bin NOT NULL COMMENT '用户名',
  `password` varchar(255) CHARACTER SET utf8mb4 COLLATE utf8mb4_bin NOT NULL,
  `salt` varchar(255) CHARACTER SET utf8mb4 COLLATE utf8mb4_bin NULL DEFAULT NULL COMMENT '随机盐',
  `phone` varchar(20) CHARACTER SET utf8mb4 COLLATE utf8mb4_bin NULL DEFAULT NULL COMMENT '简介',
  `email` varchar(64) CHARACTER SET utf8mb4 COLLATE utf8mb4_bin NULL DEFAULT NULL COMMENT '邮箱',
  `avatar` varchar(255) CHARACTER SET utf8mb4 COLLATE utf8mb4_bin NULL DEFAULT NULL COMMENT '头像',
  `dept_id` varchar(32) CHARACTER SET utf8mb4 COLLATE utf8mb4_bin NULL DEFAULT NULL COMMENT '部门ID',
  `qq_open_id` varchar(32) CHARACTER SET utf8mb4 COLLATE utf8mb4_bin NULL DEFAULT NULL COMMENT 'QQ openid',
  `wx_open_id` varchar(32) CHARACTER SET utf8mb4 COLLATE utf8mb4_bin NULL DEFAULT NULL COMMENT '微信openid',
  `lock_flag` char(1) CHARACTER SET utf8mb4 COLLATE utf8mb4_bin NULL DEFAULT '1' COMMENT '1-正常，0-锁定',
  `created_by` varchar(50) CHARACTER SET utf8 COLLATE utf8_general_ci NOT NULL,
  `created_date` timestamp(0) NULL DEFAULT CURRENT_TIMESTAMP(0) COMMENT '创建时间',
  `last_modified_by` varchar(50) CHARACTER SET utf8 COLLATE utf8_general_ci NULL DEFAULT NULL,
  `last_modified_date` timestamp(0) NULL DEFAULT NULL ON UPDATE CURRENT_TIMESTAMP(0) COMMENT '修改时间',
  `description` varchar(255) CHARACTER SET utf8 COLLATE utf8_general_ci NULL DEFAULT NULL COMMENT '描述',
  `version` int(11) NOT NULL,
  `del_flag` char(1) CHARACTER SET utf8mb4 COLLATE utf8mb4_bin NULL DEFAULT '0' COMMENT '0-正常，1-删除',
  PRIMARY KEY (`id`) USING BTREE,
  INDEX `user_wx_openid`(`wx_open_id`) USING BTREE,
  INDEX `user_qq_openid`(`qq_open_id`) USING BTREE,
  INDEX `user_idx1_username`(`username`) USING BTREE
) ENGINE = InnoDB CHARACTER SET = utf8mb4 COLLATE = utf8mb4_bin COMMENT = '用户表' ROW_FORMAT = Dynamic;

-- ----------------------------
-- Records of sys_user
-- ----------------------------
INSERT INTO `sys_user` VALUES ('1', 'admin', '$2a$10$81JhU58/uM.JmWKiCAcxoOiSS///NT6rXbSRATa.UgGG8stlA1ABy', NULL, '17034642999', NULL, '', '1', NULL, 'o_0FT0uyg_H1vVy2H0JpSwlVGhWQ', '0', '', '2018-04-20 07:15:18', '1', '2019-07-13 01:13:20', NULL, 7, '0');
INSERT INTO `sys_user` VALUES ('53fb3761bdd95ed3d03f4a07f78ea0eb', 'dsafdf', '$2a$10$81JhU58/uM.JmWKiCAcxoOiSS///NT6rXbSRATa.UgGG8stlA1ABy', NULL, '12343543432', '837158@qq.com', NULL, '3', NULL, NULL, '1', '1', '2019-07-07 14:32:17', '1', '2019-07-13 01:38:33', NULL, 19, '1');
INSERT INTO `sys_user` VALUES ('90da0206c39867a1b36ac36ced80c1a9', 'adsfsd', '$2a$10$81JhU58/uM.JmWKiCAcxoOiSS///NT6rXbSRATa.UgGG8stlA1ABy', NULL, NULL, NULL, NULL, '3', NULL, NULL, '0', '1', '2019-07-07 14:35:13', '1', '2019-07-14 03:22:16', NULL, 23, '0');

-- ----------------------------
-- Table structure for sys_user_role
-- ----------------------------
DROP TABLE IF EXISTS `sys_user_role`;
CREATE TABLE `sys_user_role`  (
  `user_id` varchar(32) CHARACTER SET utf8 COLLATE utf8_general_ci NOT NULL COMMENT '用户ID',
  `role_id` varchar(32) CHARACTER SET utf8 COLLATE utf8_general_ci NOT NULL COMMENT '角色ID',
  PRIMARY KEY (`user_id`, `role_id`) USING BTREE
) ENGINE = InnoDB CHARACTER SET = utf8 COLLATE = utf8_general_ci COMMENT = '用户角色表' ROW_FORMAT = Dynamic;

-- ----------------------------
-- Records of sys_user_role
-- ----------------------------
INSERT INTO `sys_user_role` VALUES ('1', '1');
INSERT INTO `sys_user_role` VALUES ('90da0206c39867a1b36ac36ced80c1a9', '1');

-- ----------------------------
-- Table structure for zipkin_annotations
-- ----------------------------
DROP TABLE IF EXISTS `zipkin_annotations`;
CREATE TABLE `zipkin_annotations`  (
  `trace_id_high` bigint(20) NOT NULL DEFAULT 0 COMMENT 'If non zero, this means the trace uses 128 bit traceIds instead of 64 bit',
  `trace_id` bigint(20) NOT NULL COMMENT 'coincides with zipkin_spans.trace_id',
  `span_id` bigint(20) NOT NULL COMMENT 'coincides with zipkin_spans.id',
  `a_key` varchar(255) CHARACTER SET utf8 COLLATE utf8_general_ci NOT NULL COMMENT 'BinaryAnnotation.key or Annotation.value if type == -1',
  `a_value` blob NULL COMMENT 'BinaryAnnotation.value(), which must be smaller than 64KB',
  `a_type` int(11) NOT NULL COMMENT 'BinaryAnnotation.type() or -1 if Annotation',
  `a_timestamp` bigint(20) NULL DEFAULT NULL COMMENT 'Used to implement TTL; Annotation.timestamp or zipkin_spans.timestamp',
  `endpoint_ipv4` int(11) NULL DEFAULT NULL COMMENT 'Null when Binary/Annotation.endpoint is null',
  `endpoint_ipv6` binary(16) NULL DEFAULT NULL COMMENT 'Null when Binary/Annotation.endpoint is null, or no IPv6 address',
  `endpoint_port` smallint(6) NULL DEFAULT NULL COMMENT 'Null when Binary/Annotation.endpoint is null',
  `endpoint_service_name` varchar(255) CHARACTER SET utf8 COLLATE utf8_general_ci NULL DEFAULT NULL COMMENT 'Null when Binary/Annotation.endpoint is null',
  UNIQUE INDEX `trace_id_high`(`trace_id_high`, `trace_id`, `span_id`, `a_key`, `a_timestamp`) USING BTREE COMMENT 'Ignore insert on duplicate',
  UNIQUE INDEX `trace_id_high_4`(`trace_id_high`, `trace_id`, `span_id`, `a_key`, `a_timestamp`) USING BTREE COMMENT 'Ignore insert on duplicate',
  INDEX `trace_id_high_2`(`trace_id_high`, `trace_id`, `span_id`) USING BTREE COMMENT 'for joining with zipkin_spans',
  INDEX `trace_id_high_3`(`trace_id_high`, `trace_id`) USING BTREE COMMENT 'for getTraces/ByIds',
  INDEX `endpoint_service_name`(`endpoint_service_name`) USING BTREE COMMENT 'for getTraces and getServiceNames',
  INDEX `a_type`(`a_type`) USING BTREE COMMENT 'for getTraces and autocomplete values',
  INDEX `a_key`(`a_key`) USING BTREE COMMENT 'for getTraces and autocomplete values',
  INDEX `trace_id`(`trace_id`, `span_id`, `a_key`) USING BTREE COMMENT 'for dependencies job',
  INDEX `trace_id_high_5`(`trace_id_high`, `trace_id`, `span_id`) USING BTREE COMMENT 'for joining with zipkin_spans',
  INDEX `trace_id_high_6`(`trace_id_high`, `trace_id`) USING BTREE COMMENT 'for getTraces/ByIds',
  INDEX `endpoint_service_name_2`(`endpoint_service_name`) USING BTREE COMMENT 'for getTraces and getServiceNames',
  INDEX `a_type_2`(`a_type`) USING BTREE COMMENT 'for getTraces and autocomplete values',
  INDEX `a_key_2`(`a_key`) USING BTREE COMMENT 'for getTraces and autocomplete values',
  INDEX `trace_id_2`(`trace_id`, `span_id`, `a_key`) USING BTREE COMMENT 'for dependencies job'
) ENGINE = InnoDB CHARACTER SET = utf8 COLLATE = utf8_general_ci ROW_FORMAT = Compressed;

-- ----------------------------
-- Table structure for zipkin_dependencies
-- ----------------------------
DROP TABLE IF EXISTS `zipkin_dependencies`;
CREATE TABLE `zipkin_dependencies`  (
  `day` date NOT NULL,
  `parent` varchar(255) CHARACTER SET utf8 COLLATE utf8_general_ci NOT NULL,
  `child` varchar(255) CHARACTER SET utf8 COLLATE utf8_general_ci NOT NULL,
  `call_count` bigint(20) NULL DEFAULT NULL,
  `error_count` bigint(20) NULL DEFAULT NULL,
  UNIQUE INDEX `day`(`day`, `parent`, `child`) USING BTREE,
  UNIQUE INDEX `day_2`(`day`, `parent`, `child`) USING BTREE
) ENGINE = InnoDB CHARACTER SET = utf8 COLLATE = utf8_general_ci ROW_FORMAT = Compressed;

-- ----------------------------
-- Table structure for zipkin_spans
-- ----------------------------
DROP TABLE IF EXISTS `zipkin_spans`;
CREATE TABLE `zipkin_spans`  (
  `trace_id_high` bigint(20) NOT NULL DEFAULT 0 COMMENT 'If non zero, this means the trace uses 128 bit traceIds instead of 64 bit',
  `trace_id` bigint(20) NOT NULL,
  `id` bigint(20) NOT NULL,
  `name` varchar(255) CHARACTER SET utf8 COLLATE utf8_general_ci NOT NULL,
  `parent_id` bigint(20) NULL DEFAULT NULL,
  `debug` bit(1) NULL DEFAULT NULL,
  `start_ts` bigint(20) NULL DEFAULT NULL COMMENT 'Span.timestamp(): epoch micros used for endTs query and to implement TTL',
  `duration` bigint(20) NULL DEFAULT NULL COMMENT 'Span.duration(): micros used for minDuration and maxDuration query',
  UNIQUE INDEX `trace_id_high`(`trace_id_high`, `trace_id`, `id`) USING BTREE COMMENT 'ignore insert on duplicate',
  UNIQUE INDEX `trace_id_high_4`(`trace_id_high`, `trace_id`, `id`) USING BTREE COMMENT 'ignore insert on duplicate',
  INDEX `trace_id_high_2`(`trace_id_high`, `trace_id`, `id`) USING BTREE COMMENT 'for joining with zipkin_annotations',
  INDEX `trace_id_high_3`(`trace_id_high`, `trace_id`) USING BTREE COMMENT 'for getTracesByIds',
  INDEX `name`(`name`) USING BTREE COMMENT 'for getTraces and getSpanNames',
  INDEX `start_ts`(`start_ts`) USING BTREE COMMENT 'for getTraces ordering and range',
  INDEX `trace_id_high_5`(`trace_id_high`, `trace_id`, `id`) USING BTREE COMMENT 'for joining with zipkin_annotations',
  INDEX `trace_id_high_6`(`trace_id_high`, `trace_id`) USING BTREE COMMENT 'for getTracesByIds',
  INDEX `name_2`(`name`) USING BTREE COMMENT 'for getTraces and getSpanNames',
  INDEX `start_ts_2`(`start_ts`) USING BTREE COMMENT 'for getTraces ordering and range'
) ENGINE = InnoDB CHARACTER SET = utf8 COLLATE = utf8_general_ci ROW_FORMAT = Compressed;

SET FOREIGN_KEY_CHECKS = 1;
